Pillar,px,py,pz
0,47.2439994812012,4.57200050354004,2.59080004692078
1,99.9744033813477,4.57200050354004,2.59080004692078
2,10.6679992675781,10.6679992675781,0.457199990749359
3,16.7639999389648,10.6680002212524,0.457199990749359
4,22.8600006103516,10.6679992675781,0.457199990749359
5,28.9560012817383,10.6680002212524,0.457199990749359
6,35.052001953125,10.6679992675781,0.457199990749359
7,41.1479988098145,10.6680002212524,0.457199990749359
8,47.2439994812012,10.6679992675781,0.457199990749359
9,51.2064018249512,10.6679992675781,0.457199990749359
10,69.4944000244141,10.6680002212524,0.457199990749359
11,63.3983993530273,10.6679992675781,0.457199990749359
12,81.6864013671875,10.6680002212524,0.457199990749359
13,87.7824020385742,10.6679992675781,0.457199990749359
14,75.5904006958008,10.6679992675781,0.457199990749359
15,93.8784027099609,10.6680002212524,0.457199990749359
16,57.3023986816406,10.6680002212524,0.457199990749359
17,10.6679992675781,16.7639999389648,0.457199990749359
18,81.6864013671875,16.7639999389648,0.457199990749359
19,69.4944000244141,16.7640018463135,0.457199990749359
20,63.3983993530273,16.7639999389648,0.457199990749359
21,87.7824020385742,16.7639999389648,0.457199990749359
22,75.5904006958008,16.7639999389648,0.457199990749359
23,93.8784027099609,16.7640018463135,0.457199990749359
24,57.3023986816406,16.7639999389648,0.457199990749359
25,51.2064018249512,16.7639999389648,0.457199990749359
26,47.2439994812012,16.7639999389648,0.457199990749359
27,35.052001953125,16.7639999389648,0.457199990749359
28,16.7639999389648,16.7640018463135,0.457199990749359
29,41.1479988098145,16.7639999389648,0.457199990749359
30,28.9560012817383,16.7639999389648,0.457199990749359
31,22.8600006103516,16.7639999389648,0.457199990749359
32,35.052001953125,22.8600006103516,0.457199990749359
33,22.8600006103516,22.8600006103516,0.457199990749359
34,28.9560012817383,22.8600006103516,0.457199990749359
35,69.4944000244141,22.8600006103516,0.457199990749359
36,16.7639999389648,22.8600006103516,0.457199990749359
37,41.1479988098145,22.8600006103516,0.457199990749359
38,51.2064018249512,22.8600006103516,0.457199990749359
39,57.3023986816406,22.8600006103516,0.457199990749359
40,93.8784027099609,22.8600006103516,0.457199990749359
41,75.5904006958008,22.8600006103516,0.457199990749359
42,87.7824020385742,22.8600025177002,0.457199990749359
43,81.6864013671875,22.8600006103516,0.457199990749359
44,63.3983993530273,22.8600025177002,0.457199990749359
45,47.2439994812012,22.8600006103516,0.457199990749359
46,10.6679992675781,22.8600025177002,0.457199990749359
47,28.9560012817383,28.9559993743897,0.457199990749359
48,35.0520095825195,28.9559993743897,0.457199990749359
49,16.7639999389648,28.9559993743897,0.457199990749359
50,41.1480026245117,28.9559993743897,0.457199990749359
51,22.8600006103516,28.9559993743897,0.457199990749359
52,63.3984031677246,28.9560012817383,0.457199990749359
53,69.4944000244141,28.9559993743897,0.457199990749359
54,10.6679992675781,28.9560012817383,0.457199990749359
55,75.5904006958008,28.9559993743897,0.457199990749359
56,93.8784027099609,28.9559993743897,0.457199990749359
57,57.3024024963379,28.9559993743897,0.457199990749359
58,81.6864013671875,28.9559993743897,0.457199990749359
59,87.7824020385742,28.9560012817383,0.457199990749359
60,51.2064056396484,28.9559993743897,0.457199990749359
61,47.2440032958984,28.9559993743897,0.457199990749359
62,69.4944000244141,35.052001953125,0.457199990749359
63,35.0520057678223,35.0519981384277,0.457199990749359
64,93.8784027099609,35.052001953125,0.457199990749359
65,41.1479988098145,35.052001953125,0.457199990749359
66,81.6864013671875,35.0519981384277,0.457199990749359
67,28.9560012817383,35.0519981384277,0.457199990749359
68,47.2439994812012,35.052001953125,0.457199990749359
69,87.7824020385742,35.052001953125,0.457199990749359
70,16.7639999389648,35.052001953125,0.457199990749359
71,10.6680068969727,35.052001953125,0.457199990749359
72,63.3983993530273,35.052001953125,0.457199990749359
73,22.8600006103516,35.052001953125,0.457199990749359
74,75.5904006958008,35.052001953125,0.457199990749359
75,51.2064018249512,35.052001953125,0.457199990749359
76,57.3023986816406,35.052001953125,0.457199990749359
77,93.8784027099609,57.3023986816406,0.457199990749359
78,41.1479988098145,57.3023986816406,0.457199990749359
79,10.6680068969727,39.0144004821777,0.457199990749359
80,35.0520057678223,63.3983993530273,0.457199990749359
81,10.6679992675781,63.3983993530273,0.457199990749359
82,63.3983993530273,63.3983993530273,0.457199990749359
83,87.7824020385742,63.3983993530273,0.457199990749359
84,16.7639999389648,63.3983993530273,0.457199990749359
85,47.2439994812012,63.3983993530273,0.457199990749359
86,81.6864013671875,63.3983993530273,0.457199990749359
87,28.9559936523438,63.3983993530273,0.457199990749359
88,41.1479988098145,63.3983993530273,0.457199990749359
89,57.3023986816406,63.3983993530273,0.457199990749359
90,93.8784027099609,63.3983993530273,0.457199990749359
91,69.4944000244141,63.3983993530273,0.457199990749359
92,28.9559936523438,57.3023986816406,0.457199990749359
93,35.0520057678223,57.3023986816406,0.457199990749359
94,22.8600006103516,57.3023986816406,0.457199990749359
95,16.7639923095703,57.3023986816406,0.457199990749359
96,75.5904083251953,63.3984031677246,0.457199990749359
97,22.8600006103516,63.3983993530273,0.457199990749359
98,57.3023986816406,57.3023986816406,0.457199990749359
99,81.6864013671875,57.3023986816406,0.457199990749359
100,87.7824096679688,57.3023986816406,0.457199990749359
101,47.2439994812012,51.2064018249512,0.457199990749359
102,51.2064018249512,57.3023986816406,0.457199990749359
103,47.2439994812012,57.3023986816406,0.457199990749359
104,69.4944000244141,39.0144004821777,0.457199990749359
105,63.3983993530273,39.0144004821777,0.457199990749359
106,81.6864013671875,39.0144004821777,0.457199990749359
107,87.7824020385742,39.0144004821777,0.457199990749359
108,75.5904006958008,39.014404296875,0.457199990749359
109,93.8784027099609,39.0144004821777,0.457199990749359
110,57.3023986816406,39.0144004821777,0.457199990749359
111,51.2064018249512,39.0144004821777,0.457199990749359
112,47.2439994812012,39.0144004821777,0.457199990749359
113,35.0520057678223,39.0144004821777,0.457199990749359
114,16.7639999389648,39.0144004821777,0.457199990749359
115,41.1479988098145,39.0144004821777,0.457199990749359
116,10.6680068969727,45.1104011535645,0.457199990749359
117,28.9560012817383,39.0144004821777,0.457199990749359
118,22.8600006103516,39.0144004821777,0.457199990749359
119,81.6864013671875,45.1104011535645,0.457199990749359
120,69.4944000244141,45.1104011535645,0.457199990749359
121,63.3983993530273,45.1104011535645,0.457199990749359
122,87.7824020385742,45.1104011535645,0.457199990749359
123,75.5903930664063,45.1104049682617,0.457199990749359
124,93.8784027099609,45.1104011535645,0.457199990749359
125,57.3023986816406,45.1104011535645,0.457199990749359
126,51.2064018249512,45.1104011535645,0.457199990749359
127,47.2439994812012,45.1104011535645,0.457199990749359
128,35.0520057678223,45.1104011535645,0.457199990749359
129,16.7639999389648,45.1104011535645,0.457199990749359
130,41.1479988098145,45.1104011535645,0.457199990749359
131,28.9560012817383,45.1104011535645,0.457199990749359
132,22.8600082397461,45.1104011535645,0.457199990749359
133,10.6680068969727,51.2064018249512,0.457199990749359
134,87.7823944091797,51.2064018249512,0.457199990749359
135,75.5904083251953,57.3024024963379,0.457199990749359
136,63.3983993530273,51.2064018249512,0.457199990749359
137,81.6864013671875,51.2064018249512,0.457199990749359
138,41.1479988098145,51.2064018249512,0.457199990749359
139,69.4944000244141,51.2064018249512,0.457199990749359
140,93.8784027099609,51.2064018249512,0.457199990749359
141,16.7639999389648,51.2064018249512,0.457199990749359
142,28.9560012817383,51.2064018249512,0.457199990749359
143,22.8600082397461,51.2064018249512,0.457199990749359
144,10.6679992675781,57.3023986816406,0.457199990749359
145,69.4944000244141,57.3023986816406,0.457199990749359
146,35.0520057678223,51.2064018249512,0.457199990749359
147,57.3023986816406,51.2064018249512,0.457199990749359
148,51.2064018249512,63.3983993530273,0.457199990749359
149,63.3983993530273,57.3023986816406,0.457199990749359
150,51.2064018249512,51.2064018249512,0.457199990749359
151,75.5903930664063,51.2064056396484,0.457199990749359
152,22.8600006103516,69.4944000244141,0.457199990749359
153,75.5904006958008,69.4944000244141,0.457199990749359
154,69.4944000244141,69.4944000244141,0.457199990749359
155,93.8784027099609,69.4944000244141,0.457199990749359
156,57.3023986816406,69.4944000244141,0.457199990749359
157,41.1479988098145,69.4944076538086,0.457199990749359
158,28.9559936523438,69.4944076538086,0.457199990749359
159,81.6864013671875,69.4944000244141,0.457199990749359
160,47.2439994812012,69.4944076538086,0.457199990749359
161,16.7639999389648,69.4944000244141,0.457199990749359
162,87.7824020385742,69.4944000244141,0.457199990749359
163,63.3983993530273,69.4944000244141,0.457199990749359
164,10.6679992675781,69.4944000244141,0.457199990749359
165,35.0520057678223,69.4944076538086,0.457199990749359
166,51.2064018249512,69.4944076538086,0.457199990749359
167,99.9744033813477,69.4944000244141,2.59080004692078
168,99.9744033813477,63.3983993530273,2.59080004692078
169,99.9744033813477,57.3023986816406,2.59080004692078
170,99.9744033813477,51.2064018249512,2.59080004692078
171,99.9744033813477,45.1104011535645,2.59080004692078
172,99.9744033813477,39.0144004821777,2.59080004692078
173,99.9744033813477,35.052001953125,2.59080004692078
174,99.9744033813477,28.9559993743897,2.59080004692078
175,99.9744033813477,22.8600006103516,2.59080004692078
176,99.9744033813477,16.7639999389648,2.59080004692078
177,99.9744033813477,10.6679992675781,2.59080004692078
178,93.8784027099609,75.5904006958008,2.59080004692078
179,87.7824020385742,75.5904006958008,2.59080004692078
180,81.6864013671875,75.5904006958008,2.59080004692078
181,75.5904006958008,75.5904006958008,2.59080004692078
182,69.4944000244141,75.5904006958008,2.59080004692078
183,63.3984031677246,75.5904006958008,2.59080004692078
184,57.3023986816406,75.5904006958008,2.59080004692078
185,51.2063980102539,75.5904006958008,2.59080004692078
186,47.2439994812012,75.5904006958008,2.59080004692078
187,41.1479988098145,75.5904006958008,2.59080004692078
188,35.0519981384277,75.5904006958008,2.59080004692078
189,28.9559936523438,75.5904006958008,2.59080004692078
190,22.8600006103516,75.5904006958008,2.59080004692078
191,16.7639999389648,75.5904006958008,2.59080004692078
192,10.6679992675781,75.5904006958008,2.59080004692078
193,4.57199859619141,69.4944000244141,2.59080004692078
194,4.57199859619141,63.3983993530273,2.59080004692078
195,4.57199859619141,57.3023986816406,2.59080004692078
196,4.57200622558594,51.2063980102539,2.59080004692078
197,4.57200622558594,45.1104049682617,2.59080004692078
198,4.57200622558594,39.014404296875,2.59080004692078
199,4.57200622558594,35.0519981384277,2.59080004692078
200,4.57199859619141,28.9559993743897,2.59080004692078
201,4.57199859619141,22.8600006103516,2.59080004692078
202,4.57199859619141,16.7639999389648,2.59080004692078
203,4.57199859619141,10.6680011749268,2.59080004692078
204,10.6679992675781,4.57200050354004,2.59080004692078
205,16.7639999389648,4.57200050354004,2.59080004692078
206,22.8600006103516,4.57200050354004,2.59080004692078
207,28.9560012817383,4.57200050354004,2.59080004692078
208,35.052001953125,4.57200050354004,2.59080004692078
209,41.1479988098145,4.57200050354004,2.59080004692078
210,51.2064018249512,4.57200050354004,2.59080004692078
211,57.3023986816406,4.57200050354004,2.59080004692078
212,63.3983993530273,4.57200050354004,2.59080004692078
213,69.4944000244141,4.57200050354004,2.59080004692078
214,75.5904006958008,4.57200050354004,2.59080004692078
215,81.6864013671875,4.57200050354004,2.59080004692078
216,87.7824020385742,4.57200050354004,2.59080004692078
217,93.8784027099609,4.57200050354004,2.59080004692078
218,99.9744033813477,75.5904006958008,2.59080004692078
219,4.57199859619141,75.5904006958008,2.59080004692078
220,4.57199859619141,4.57200002670288,2.59080004692078