ID,start_X,start_Y,start_Z,end_X,end_Y,end_Z,Lengths(M)
0,29.120,75.740,2.903,31.840,78.264,4.746,4.143
1,29.133,69.318,1.067,34.875,63.575,1.067,8.121
2,22.610,69.494,1.067,17.014,69.494,1.067,5.596
3,16.591,69.668,1.116,10.841,75.415,2.742,8.290
4,10.429,63.398,1.139,4.814,63.398,2.821,5.861
5,10.495,57.129,1.119,4.747,51.379,2.841,8.311
6,16.764,57.052,1.067,16.764,51.456,1.067,5.596
7,4.421,51.372,2.999,1.900,54.089,4.751,4.099
8,10.668,44.860,1.067,10.668,39.264,1.067,5.596
9,10.878,38.878,1.067,16.554,35.188,1.067,6.771
10,17.014,35.052,1.067,22.610,35.052,1.067,5.596
11,16.587,28.779,1.067,10.845,23.037,1.067,8.121
12,10.429,28.956,1.139,4.814,28.956,2.821,5.861
13,4.426,28.787,3.001,2.034,26.077,4.749,4.015
14,10.668,22.610,1.067,10.668,17.014,1.067,5.596
15,23.110,22.860,1.067,28.706,22.860,1.067,5.596
16,28.956,22.610,1.067,28.956,17.014,1.067,5.596
17,34.875,23.037,1.067,29.133,28.779,1.067,8.121
18,41.148,29.206,1.067,41.148,34.802,1.067,5.596
19,28.956,29.206,1.067,28.956,34.802,1.067,5.596
20,28.706,35.052,1.067,23.110,35.052,1.067,5.596
21,35.302,39.014,1.067,40.898,39.014,1.067,5.596
22,34.875,45.287,1.067,29.133,51.030,1.067,8.121
23,28.956,50.956,1.067,28.956,45.360,1.067,5.596
24,29.206,57.302,1.067,34.802,57.302,1.067,5.596
25,22.610,51.206,1.067,17.014,51.206,1.067,5.596
26,35.229,57.126,1.067,40.971,51.383,1.067,8.121
27,23.037,39.191,1.067,28.779,44.934,1.067,8.121
28,41.325,63.222,1.067,47.067,57.479,1.067,8.121
29,41.398,69.494,1.067,46.994,69.494,1.067,5.596
30,47.377,69.698,1.125,51.074,75.384,2.734,6.970
31,51.380,75.415,2.742,57.129,69.668,1.116,8.290
32,57.125,69.318,1.067,51.381,63.624,1.067,8.089
33,47.379,57.513,1.067,51.068,63.237,1.067,6.810
34,51.070,50.997,1.067,47.380,45.320,1.067,6.771
35,57.479,51.383,1.067,63.222,57.126,1.067,8.121
36,63.398,57.552,1.067,63.398,63.148,1.067,5.596
37,69.671,57.126,1.067,75.414,51.383,1.067,8.121
38,63.398,69.244,1.067,63.398,63.648,1.067,5.596
39,69.659,75.740,2.903,72.378,78.264,4.746,4.143
40,75.590,63.648,1.067,75.590,69.244,1.067,5.596
41,75.590,69.735,1.135,75.590,75.347,2.723,5.833
42,75.426,75.740,2.903,72.707,78.264,4.746,4.143
43,81.936,69.494,1.067,87.532,69.494,1.067,5.596
44,87.959,69.318,1.067,93.702,63.575,1.067,8.121
45,93.878,63.148,1.067,93.878,57.552,1.067,5.596
46,94.052,57.129,1.116,99.799,51.380,2.760,8.294
47,87.532,57.302,1.067,81.936,57.302,1.067,5.596
48,81.510,57.126,1.067,75.767,51.383,1.067,8.121
49,75.768,51.030,1.067,81.295,45.526,1.067,7.800
50,69.494,44.860,1.067,69.494,39.264,1.067,5.596
51,63.222,39.191,1.067,57.479,44.934,1.067,8.121
52,69.494,38.764,1.067,69.494,35.302,1.067,3.462
53,69.671,34.875,1.067,75.414,29.133,1.067,8.121
54,57.093,35.188,1.067,51.416,38.878,1.067,6.771
55,57.479,28.779,1.067,63.222,23.037,1.067,8.121
56,51.206,28.706,1.067,51.206,23.110,1.067,5.596
57,51.206,22.610,1.067,51.206,17.014,1.067,5.596
58,46.994,28.956,1.067,41.398,28.956,1.067,5.596
59,51.456,16.764,1.067,57.052,16.764,1.067,5.596
60,47.378,10.464,1.123,51.114,4.768,2.694,6.991
61,40.898,10.668,1.067,35.302,10.668,1.067,5.596
62,34.875,10.845,1.067,29.133,16.587,1.067,8.121
63,34.889,4.423,2.864,32.167,1.898,4.745,4.161
64,10.495,16.591,1.119,4.747,10.841,2.841,8.311
65,17.014,10.668,1.067,22.610,10.668,1.067,5.596
66,22.686,10.495,1.115,16.938,4.748,2.703,8.282
67,29.119,4.423,2.864,31.841,1.898,4.745,4.161
68,63.648,22.860,1.067,69.244,22.860,1.067,5.596
69,69.744,22.860,1.067,75.340,22.860,1.067,5.596
70,75.414,22.683,1.067,69.671,16.941,1.067,8.121
71,81.863,29.133,1.067,87.606,34.875,1.067,8.121
72,88.032,22.860,1.067,93.628,22.860,1.067,5.596
73,93.878,23.110,1.067,93.878,28.706,1.067,5.596
74,93.702,29.133,1.067,87.959,34.875,1.067,8.121
75,100.124,28.792,2.920,102.648,26.072,4.747,4.135
76,87.606,39.192,1.067,81.648,45.172,1.067,8.442
77,93.878,39.264,1.067,93.878,44.860,1.067,5.596
78,94.052,45.284,1.116,99.799,51.033,2.760,8.294
79,100.124,51.371,2.920,102.648,54.090,4.747,4.135
80,69.671,16.587,1.067,75.414,10.845,1.067,8.121
81,75.340,10.668,1.067,69.744,10.668,1.067,5.596
82,69.494,10.427,1.133,69.494,4.815,2.684,5.822
83,69.321,4.748,2.703,63.572,10.495,1.115,8.282
84,100.124,23.024,2.920,102.648,25.744,4.747,4.135
85,93.878,16.514,1.067,93.878,10.918,1.067,5.596
86,93.628,10.668,1.067,88.032,10.668,1.067,5.596
87,87.532,10.668,1.067,81.936,10.668,1.067,5.596
88,81.513,10.495,1.115,75.764,4.748,2.703,8.282
89,75.427,4.423,2.864,72.706,1.898,4.745,4.161
90,72.379,1.898,4.745,69.658,4.423,2.864,4.161
91,63.148,10.668,1.067,57.552,10.668,1.067,5.596
92,51.070,39.224,1.067,47.380,44.901,1.067,6.771
93,47.494,45.112,1.067,51.118,45.130,1.067,3.624
94,41.148,38.764,1.067,41.148,35.302,1.067,3.462
95,51.618,45.131,1.067,57.052,45.111,1.067,5.435
96,51.421,4.739,2.703,57.130,10.494,1.115,8.261
97,10.491,75.411,2.794,4.751,69.671,2.890,8.118
98,4.574,69.244,2.893,4.574,63.648,2.893,5.596
99,4.814,10.668,2.821,10.429,10.668,1.139,5.861
100,10.668,10.427,1.133,10.668,4.815,2.684,5.822
101,10.918,4.574,2.751,16.514,4.574,2.751,5.596
102,28.956,75.347,2.723,28.956,69.735,1.135,5.833
103,28.783,75.415,2.742,23.033,69.668,1.116,8.290
104,16.587,69.318,1.067,10.845,63.575,1.067,8.121
105,10.668,63.148,1.067,10.668,57.552,1.067,5.596
106,10.918,57.302,1.067,16.514,57.302,1.067,5.596
107,4.747,51.033,2.841,10.495,45.283,1.119,8.311
108,16.764,34.802,1.067,16.764,29.206,1.067,5.596
109,16.974,35.188,1.067,22.650,38.878,1.067,6.771
110,16.514,28.956,1.067,10.918,28.956,1.067,5.596
111,16.941,28.779,1.067,22.683,23.037,1.067,8.121
112,29.206,22.860,1.067,34.802,22.860,1.067,5.596
113,35.229,23.037,1.067,40.971,28.779,1.067,8.121
114,29.166,35.188,1.067,34.842,38.878,1.067,6.771
115,35.052,39.264,1.067,35.052,44.860,1.067,5.596
116,28.956,51.456,1.067,28.956,57.052,1.067,5.596
117,28.779,57.126,1.067,23.037,51.383,1.067,8.121
118,35.052,57.552,1.067,35.052,63.148,1.067,5.596
119,35.302,63.398,1.067,40.898,63.398,1.067,5.596
120,41.148,63.648,1.067,41.148,69.244,1.067,5.596
121,57.552,69.494,1.067,63.148,69.494,1.067,5.596
122,47.067,57.126,1.067,41.325,51.383,1.067,8.121
123,47.380,57.093,1.067,51.070,51.416,1.067,6.771
124,51.456,51.206,1.067,57.052,51.206,1.067,5.596
125,63.648,57.302,1.067,69.244,57.302,1.067,5.596
126,69.671,57.479,1.067,75.414,63.222,1.067,8.121
127,63.572,69.668,1.116,69.321,75.415,2.742,8.290
128,75.764,75.415,2.742,81.513,69.668,1.116,8.290
129,93.628,57.302,1.067,88.032,57.302,1.067,5.596
130,75.414,51.030,1.067,69.671,45.287,1.067,8.121
131,69.318,44.934,1.067,63.575,39.191,1.067,8.121
132,63.189,38.878,1.067,57.512,35.188,1.067,6.771
133,57.302,34.802,1.067,57.302,29.206,1.067,5.596
134,57.052,28.956,1.067,51.456,28.956,1.067,5.596
135,51.070,23.070,1.067,47.380,28.746,1.067,6.771
136,51.070,16.554,1.067,47.380,10.878,1.067,6.771
137,46.994,10.668,1.067,41.398,10.668,1.067,5.596
138,35.052,10.427,1.133,35.052,4.815,2.684,5.822
139,10.845,16.587,1.067,16.587,10.845,1.067,8.121
140,23.034,10.495,1.115,28.782,4.748,2.703,8.282
141,75.590,23.110,1.067,75.590,28.706,1.067,5.596
142,75.767,23.037,1.067,81.510,28.779,1.067,8.121
143,81.863,28.779,1.067,87.606,23.037,1.067,8.121
144,94.119,28.956,1.136,99.732,28.956,2.741,5.838
145,87.782,35.302,1.067,87.782,38.764,1.067,3.462
146,88.032,39.014,1.067,93.628,39.014,1.067,5.596
147,99.799,22.687,2.760,94.052,16.937,1.116,8.294
148,63.222,10.845,1.067,57.479,16.587,1.067,8.121
149,47.067,44.934,1.067,41.325,39.191,1.067,8.121