ID,start_X,start_Y,start_Z,end_X,end_Y,end_Z,Edge_Length,Data_Flow_Start_Node_ID,Data_Flow_End_Node_ID,Type
1,1.7463,25.90800000000001,4.8577,4.5745,28.956000000000003,2.8925,4.60,2,1,Intercom
2,1.8852,54.254400000000004,4.8577,4.5745,51.2064,2.8925,4.51,4,3,Intercom
3,4.5745,16.764000000000003,2.8925,4.5745,10.668000000000006,2.8925,6.10,6,5,Normal
4,4.5745,10.668000000000006,2.8925,10.668,4.5745000000000005,2.7914,8.62,6,7,Normal
5,4.5745,69.49440000000001,2.8925,10.668,69.49440000000001,1.0668,6.36,9,8,Normal
6,4.5745,51.2064,2.8925,10.668,51.2064,1.0668,6.36,4,10,Normal
7,10.668,16.764000000000003,1.0668,10.668,22.860000000000007,1.0668,6.10,11,12,Normal
8,10.668,4.5745000000000005,2.7914,16.764,10.668000000000006,1.0668,8.79,13,7,Normal
9,10.668,63.39840000000001,1.0668,10.668,57.302400000000006,1.0668,6.10,14,15,Normal
10,10.668,69.49440000000001,1.0668,10.668,75.5879,2.7506,6.32,16,9,Normal
11,10.668,75.5879,2.7506,16.764,75.5879,2.7506,6.10,16,17,Normal
12,10.668,35.05200000000001,1.0668,10.668,41.148,1.0668,6.10,18,19,Normal
13,10.668,41.148,1.0668,16.764,45.110400000000006,1.0668,7.27,20,19,Normal
14,16.764,69.49440000000001,1.0668,10.668,63.39840000000001,1.0668,8.62,14,21,Normal
15,16.764,75.5879,2.7506,22.86,69.49440000000001,1.0668,8.78,22,17,Normal
16,16.764,45.110400000000006,1.0668,16.764,51.2064,1.0668,6.10,23,20,Normal
17,16.764,51.2064,1.0668,10.668,51.2064,1.0668,6.10,23,10,Normal
18,16.764,28.956000000000003,1.0668,16.764,22.860000000000007,1.0668,6.10,24,25,Normal
19,16.764,22.860000000000007,1.0668,10.668,22.860000000000007,1.0668,6.10,24,25,Normal
20,22.86,10.668000000000006,1.0668,16.764,10.668000000000006,1.0668,6.10,13,26,Normal
21,22.86,41.148,1.0668,16.764,45.110400000000006,1.0668,7.27,27,20,Normal
22,22.86,45.110400000000006,1.0668,28.956,45.110400000000006,1.0668,6.10,29,28,Normal
23,22.86,57.302400000000006,1.0668,16.764,51.2064,1.0668,8.62,23,30,Normal
24,22.86,28.956000000000003,1.0668,16.764,28.956000000000003,1.0668,6.10,24,31,Normal
25,28.956,4.5745000000000005,2.7914,28.956,10.668000000000006,1.0668,6.33,32,33,Normal
26,28.956,51.2064,1.0668,35.052,57.302400000000006,1.0668,8.62,29,34,Normal
27,28.956,75.5879,2.7506,22.86,69.49440000000001,1.0668,8.78,36,22,Normal
28,28.956,22.860000000000007,1.0668,22.86,28.956000000000003,1.0668,8.62,37,31,Normal
29,28.956,28.956000000000003,1.0668,35.052,35.05200000000001,1.0668,8.62,38,39,Normal
30,28.956,35.05200000000001,1.0668,22.86,41.148,1.0668,8.62,27,40,Normal
31,28.956,57.302400000000006,1.0668,28.956,63.39840000000001,1.0668,6.10,41,42,Normal
32,32.004,1.7462000000000018,4.8577,28.956,4.5745000000000005,2.7914,4.64,32,43,Intercom
33,32.004,78.4162,4.8577,28.956,75.5879,2.7506,4.66,36,44,Intercom
34,35.052,41.148,1.0668,35.052,35.05200000000001,1.0668,6.10,45,39,Normal
35,35.052,57.302400000000006,1.0668,28.956,57.302400000000006,1.0668,6.10,35,41,Normal
36,35.052,69.49440000000001,1.0668,28.956,63.39840000000001,1.0668,8.62,46,42,Normal
37,35.052,75.5879,2.7506,32.004,78.4162,4.8577,4.66,47,44,Intercom
38,35.052,22.860000000000007,1.0668,28.956,22.860000000000007,1.0668,6.10,48,37,Normal
39,35.052,16.764000000000003,1.0668,28.956,10.668000000000006,1.0668,8.62,49,33,Normal
40,41.148,41.148,1.0668,41.148,45.110400000000006,1.0668,3.96,51,50,Normal
41,41.148,51.2064,1.0668,41.148,45.110400000000006,1.0668,6.10,52,51,Normal
42,41.148,69.49440000000001,1.0668,35.052,69.49440000000001,1.0668,6.10,46,53,Normal
43,41.148,16.764000000000003,1.0668,41.148,10.668000000000006,1.0668,6.10,55,54,Normal
44,41.148,28.956000000000003,1.0668,35.052,22.860000000000007,1.0668,8.62,48,56,Normal
45,41.148,10.668000000000006,1.0668,47.244,10.668000000000006,1.0668,6.10,57,55,Normal
46,47.244,35.05200000000001,1.0668,51.2064,28.956000000000003,1.0668,7.27,58,59,Normal
47,47.244,51.2064,1.0668,51.2064,57.302400000000006,1.0668,7.27,61,60,Normal
48,47.244,69.49440000000001,1.0668,51.2479,75.598,2.7506,7.49,62,63,Normal
49,47.244,22.860000000000007,1.0668,51.2064,28.956000000000003,1.0668,7.27,64,59,Normal
50,47.244,10.668000000000006,1.0668,51.2064,4.5745000000000005,2.7914,7.47,57,65,Normal
51,51.2032,16.714800000000004,1.0668,47.244,22.860000000000007,1.0668,7.31,64,66,Normal
52,51.2064,63.39840000000001,1.0668,47.244,69.49440000000001,1.0668,7.27,67,62,Normal
53,51.2064,57.302400000000006,1.0668,51.2064,51.2064,1.0668,6.10,61,68,Normal
54,51.2064,41.148,1.0668,47.244,35.05200000000001,1.0668,7.27,69,58,Normal
55,51.2064,4.5745000000000005,2.7914,57.3024,10.668000000000006,1.0668,8.79,70,65,Normal
56,51.2064,51.2064,1.0668,57.3024,51.2064,1.0668,6.10,71,68,Normal
57,51.3679,35.030800000000006,1.0668,47.244,35.05200000000001,1.0668,4.12,72,58,Normal
58,57.3024,63.39840000000001,1.0668,63.3984,69.49440000000001,1.0668,8.62,74,73,Normal
59,57.3024,35.05200000000001,1.0668,51.3679,35.030800000000006,1.0668,5.93,72,75,Normal
60,57.3024,45.110400000000006,1.0668,57.3024,51.2064,1.0668,6.10,71,76,Normal
61,57.3024,28.956000000000003,1.0668,63.3984,22.860000000000007,1.0668,8.62,78,77,Normal
62,57.3024,10.668000000000006,1.0668,51.2032,16.714800000000004,1.0668,8.59,70,66,Normal
63,57.3024,69.49440000000001,1.0668,51.2479,75.598,2.7506,8.76,63,79,Normal
64,63.3984,69.49440000000001,1.0668,57.3024,69.49440000000001,1.0668,6.10,74,79,Normal
65,63.3984,41.148,1.0668,57.3024,45.110400000000006,1.0668,7.27,80,76,Normal
66,63.3984,22.860000000000007,1.0668,63.3984,16.764000000000003,1.0668,6.10,78,81,Normal
67,63.3984,10.668000000000006,1.0668,63.3984,16.764000000000003,1.0668,6.10,82,81,Normal
68,63.3984,57.302400000000006,1.0668,69.4944,57.302400000000006,1.0668,6.10,83,84,Normal
69,69.4944,75.5879,2.7506,69.4944,69.49440000000001,1.0668,6.32,85,86,Normal
70,69.4944,35.05200000000001,1.0668,69.4944,41.148,1.0668,6.10,88,87,Normal
71,69.4944,22.860000000000007,1.0668,75.5904,16.764000000000003,1.0668,8.62,90,89,Normal
72,69.4944,4.5745000000000005,2.7914,72.5424,1.7462000000000018,4.8577,4.64,91,92,Intercom
73,69.4944,57.302400000000006,1.0668,75.5904,57.302400000000006,1.0668,6.10,93,84,Normal
74,69.4944,41.148,1.0668,69.4944,45.110400000000006,1.0668,3.96,94,88,Normal
75,69.4944,45.110400000000006,1.0668,75.5904,51.2064,1.0668,8.62,94,95,Normal
76,69.4944,63.39840000000001,1.0668,75.5904,69.49440000000001,1.0668,8.62,97,96,Normal
77,72.5424,78.4162,4.8577,75.5904,75.5879,2.7506,4.66,99,98,Intercom
78,72.5424,1.7462000000000018,4.8577,75.5904,4.5745000000000005,2.7914,4.64,100,92,Intercom
79,75.5904,75.5879,2.7506,81.6864,69.49440000000001,1.0668,8.78,99,101,Normal
80,75.5904,28.956000000000003,1.0668,81.6864,22.860000000000007,1.0668,8.62,103,102,Normal
81,75.5904,10.668000000000006,1.0668,75.5904,16.764000000000003,1.0668,6.10,90,104,Normal
82,75.5904,57.302400000000006,1.0668,69.4944,63.39840000000001,1.0668,8.62,93,96,Normal
83,75.5904,51.2064,1.0668,75.5904,57.302400000000006,1.0668,6.10,93,95,Normal
84,75.5904,69.49440000000001,1.0668,69.4944,69.49440000000001,1.0668,6.10,97,86,Normal
85,81.4719,34.8132,1.0668,75.5904,28.956000000000003,1.0668,8.30,102,105,Normal
86,81.6864,69.49440000000001,1.0668,87.7824,69.49440000000001,1.0668,6.10,106,101,Normal
87,81.6864,22.860000000000007,1.0668,87.7824,22.860000000000007,1.0668,6.10,103,107,Normal
88,81.6864,10.668000000000006,1.0668,75.5904,4.5745000000000005,2.7914,8.79,100,108,Normal
89,81.6864,51.2064,1.0668,75.5904,57.302400000000006,1.0668,8.62,93,109,Normal
90,87.7824,69.49440000000001,1.0668,93.8784,69.49440000000001,1.0668,6.10,106,110,Normal
91,87.7824,45.110400000000006,1.0668,81.6864,51.2064,1.0668,8.62,111,109,Normal
92,87.7824,41.148,1.0668,93.8784,41.148,1.0668,6.10,112,113,Normal
93,87.7824,22.860000000000007,1.0668,93.8784,22.860000000000007,1.0668,6.10,114,107,Normal
94,87.7824,10.668000000000006,1.0668,81.6864,10.668000000000006,1.0668,6.10,115,108,Normal
95,87.7824,57.302400000000006,1.0668,93.8784,57.302400000000006,1.0668,6.10,116,117,Normal
96,93.8784,69.49440000000001,1.0668,93.8784,63.39840000000001,1.0668,6.10,118,110,Normal
97,93.8784,63.39840000000001,1.0668,99.9719,57.302400000000006,2.8096,8.79,119,118,Normal
98,93.8784,51.2064,1.0668,93.8784,57.302400000000006,1.0668,6.10,120,117,Normal
99,93.8784,22.860000000000007,1.0668,99.9719,28.956000000000003,2.8096,8.79,121,114,Normal
100,93.8784,16.764000000000003,1.0668,87.7824,10.668000000000006,1.0668,8.62,115,122,Normal
101,93.8784,41.148,1.0668,93.8784,35.05200000000001,1.0668,6.10,113,123,Normal
102,93.8784,35.05200000000001,1.0668,99.9719,28.956000000000003,2.8096,8.79,121,123,Normal
103,99.9719,57.302400000000006,2.8096,102.8002,54.254400000000004,4.8577,4.64,119,124,Intercom
104,99.9719,51.2064,2.8096,93.8784,51.2064,1.0668,6.34,125,120,Normal
105,99.9719,28.956000000000003,2.8096,102.8001,25.90800000000001,4.8577,4.64,121,126,Intercom
106,102.8002,54.254400000000004,4.8577,99.9719,51.2064,2.8096,4.64,125,124,Intercom
107,4.5745,16.764000000000003,2.8925,10.668,16.764000000000003,1.0668,6.36,11,5,Normal
108,4.5745,69.49440000000001,2.8925,10.668,63.39840000000001,1.0668,8.81,14,8,Normal
109,4.5745,28.956000000000003,2.8925,10.668,22.860000000000007,1.0668,8.81,2,12,Normal
110,4.5745,28.956000000000003,2.8925,10.668,35.05200000000001,1.0668,8.81,18,2,Normal
111,10.668,16.764000000000003,1.0668,16.764,10.668000000000006,1.0668,8.62,11,13,Normal
112,10.668,57.302400000000006,1.0668,16.764,51.2064,1.0668,8.62,23,15,Normal
113,16.764,69.49440000000001,1.0668,22.86,69.49440000000001,1.0668,6.10,22,21,Normal
114,16.764,45.110400000000006,1.0668,22.86,45.110400000000006,1.0668,6.10,20,28,Normal
115,22.86,10.668000000000006,1.0668,28.956,4.5745000000000005,2.7914,8.79,32,26,Normal
116,22.86,57.302400000000006,1.0668,28.956,57.302400000000006,1.0668,6.10,41,30,Normal
117,28.956,45.110400000000006,1.0668,35.052,41.148,1.0668,7.27,29,45,Normal
118,28.956,45.110400000000006,1.0668,28.956,51.2064,1.0668,6.10,29,34,Normal
119,28.956,22.860000000000007,1.0668,28.956,28.956000000000003,1.0668,6.10,37,38,Normal
120,28.956,28.956000000000003,1.0668,28.956,35.05200000000001,1.0668,6.10,38,40,Normal
121,35.052,41.148,1.0668,41.148,41.148,1.0668,6.10,45,50,Normal
122,35.052,57.302400000000006,1.0668,41.148,51.2064,1.0668,8.62,52,35,Normal
123,35.052,69.49440000000001,1.0668,35.052,75.5879,2.7506,6.32,47,46,Normal
124,35.052,22.860000000000007,1.0668,35.052,16.764000000000003,1.0668,6.10,49,48,Normal
125,35.052,16.764000000000003,1.0668,41.148,16.764000000000003,1.0668,6.10,49,54,Normal
126,41.148,41.148,1.0668,47.244,35.05200000000001,1.0668,8.62,58,50,Normal
127,41.148,51.2064,1.0668,47.244,51.2064,1.0668,6.10,52,60,Normal
128,41.148,69.49440000000001,1.0668,47.244,69.49440000000001,1.0668,6.10,62,53,Normal
129,41.148,16.764000000000003,1.0668,47.244,22.860000000000007,1.0668,8.62,64,54,Normal
130,41.148,28.956000000000003,1.0668,47.244,22.860000000000007,1.0668,8.62,64,56,Normal
131,51.2064,63.39840000000001,1.0668,57.3024,63.39840000000001,1.0668,6.10,67,73,Normal
132,51.2064,63.39840000000001,1.0668,51.2064,57.302400000000006,1.0668,6.10,67,61,Normal
133,51.2064,41.148,1.0668,57.3024,45.110400000000006,1.0668,7.27,69,76,Normal
134,51.2064,28.956000000000003,1.0668,57.3024,28.956000000000003,1.0668,6.10,59,77,Normal
135,57.3024,35.05200000000001,1.0668,63.3984,41.148,1.0668,8.62,80,75,Normal
136,57.3024,10.668000000000006,1.0668,63.3984,10.668000000000006,1.0668,6.10,82,70,Normal
137,57.3024,51.2064,1.0668,63.3984,57.302400000000006,1.0668,8.62,83,71,Normal
138,63.3984,69.49440000000001,1.0668,69.4944,75.5879,2.7506,8.78,85,74,Normal
139,63.3984,41.148,1.0668,69.4944,35.05200000000001,1.0668,8.62,80,87,Normal
140,63.3984,22.860000000000007,1.0668,69.4944,22.860000000000007,1.0668,6.10,78,89,Normal
141,63.3984,10.668000000000006,1.0668,69.4944,4.5745000000000005,2.7914,8.79,91,82,Normal
142,69.4944,75.5879,2.7506,72.5424,78.4162,4.8577,4.66,85,98,Intercom
143,69.4944,35.05200000000001,1.0668,75.5904,28.956000000000003,1.0668,8.62,102,87,Normal
144,69.4944,22.860000000000007,1.0668,75.5904,28.956000000000003,1.0668,8.62,102,89,Normal
145,75.5904,4.5745000000000005,2.7914,75.5904,10.668000000000006,1.0668,6.33,100,104,Normal
146,81.4719,34.8132,1.0668,87.7824,41.148,1.0668,8.94,112,105,Normal
147,81.6864,51.2064,1.0668,87.7824,57.302400000000006,1.0668,8.62,116,109,Normal
148,87.7824,45.110400000000006,1.0668,93.8784,51.2064,1.0668,8.62,111,120,Normal
149,87.7824,45.110400000000006,1.0668,87.7824,41.148,1.0668,3.96,111,112,Normal
150,93.8784,22.860000000000007,1.0668,93.8784,16.764000000000003,1.0668,6.10,114,122,Normal
