ID,Start_X,Start_Y,Start_Z,End_X,End_Y,End_Z,Type,Start_Pillar,End_Pillar
1,28.9799,75.4783,2.9030,31.9220,78.2640,4.7460,Intercom,P121,P125
2,28.9799,69.4965,1.0670,35.0212,63.4148,1.0670,Normal,P112,P103
3,22.8369,69.4965,1.0670,16.7590,69.4965,1.0670,Normal,P111,P110
4,16.7590,69.4965,1.1160,10.6802,75.4783,2.7420,Normal,P110,P120
5,10.6802,63.4148,1.1390,4.6791,63.4148,2.8210,Normal,P102,P101
6,10.6802,57.2767,1.1190,4.6791,51.2651,2.8410,Normal,P90,P80
7,16.7590,57.2767,1.0670,16.7590,51.2651,1.0670,Normal,P91,P81
8,4.6791,51.2651,2.9990,1.9670,54.0895,4.7510,Intercom,P80,P89
9,10.6802,45.1066,1.0670,10.6802,39.0475,1.0670,Normal,P71,P62
10,10.6802,39.0475,1.0670,16.7590,35.0487,1.0670,Normal,P62,P55
11,16.7590,35.0487,1.0670,22.8369,35.0487,1.0670,Normal,P55,P56
12,16.7590,28.9179,1.0670,10.6802,22.9070,1.0670,Normal,P45,P31
13,10.6802,28.9179,1.1390,4.6791,28.9179,2.8210,Normal,P44,P43
14,4.6791,28.9179,3.0010,1.9670,25.9925,4.7490,Intercom,P43,P30
15,10.6802,22.9070,1.0670,10.6802,16.7456,1.0670,Normal,P31,P24
16,22.8369,22.9070,1.0670,28.9799,22.9070,1.0670,Normal,P32,P33
17,28.9799,22.9070,1.0670,28.9799,16.7456,1.0670,Normal,P33,P25
18,35.0212,22.9070,1.0670,28.9799,28.9179,1.0670,Normal,P34,P46
19,41.1624,28.9179,1.0670,41.1624,35.0487,1.0670,Normal,P47,P58
20,28.9799,28.9179,1.0670,28.9799,35.0487,1.0670,Normal,P46,P57
21,28.9799,35.0487,1.0670,22.8369,35.0487,1.0670,Normal,P57,P56
22,35.0212,39.0475,1.0670,41.1624,39.0475,1.0670,Normal,P64,P65
23,35.0212,45.1066,1.0670,28.9799,51.2651,1.0670,Normal,P73,P83
24,28.9799,51.2651,1.0670,28.9799,45.1066,1.0670,Normal,P83,P72
25,28.9799,57.2767,1.0670,35.0212,57.2767,1.0670,Normal,P92,P93
26,22.8369,51.2651,1.0670,16.7590,51.2651,1.0670,Normal,P82,P81
27,35.0212,57.2767,1.0670,41.1624,51.2651,1.0670,Normal,P93,P84
28,22.8369,39.0475,1.0670,28.9799,45.1066,1.0670,Normal,P63,P72
29,41.1624,63.4148,1.0670,47.2353,57.2767,1.0670,Normal,P104,P94
30,41.1624,69.4965,1.0670,47.2353,69.4965,1.0670,Normal,P113,P114
31,47.2353,69.4965,1.1250,51.2516,75.4783,2.7340,Normal,P114,P122
32,51.2516,75.4783,2.7420,57.2837,69.4965,1.1160,Normal,P122,P115
33,57.2837,69.4965,1.0670,51.2516,63.4148,1.0910,Normal,P115,P105
34,47.2353,57.2767,1.0670,51.2516,63.4148,1.0910,Normal,P94,P105
35,51.2516,51.2651,1.0670,47.2353,45.1066,1.0670,Normal,P85,P74
36,57.2837,51.2651,1.0670,63.3785,57.2767,1.0670,Normal,P86,P95
37,63.3785,57.2767,1.0670,63.3785,63.4148,1.0670,Normal,P95,P106
38,69.5405,57.2767,1.0670,75.5348,51.2651,1.0670,Normal,P96,P87
39,63.3785,69.4965,1.0670,63.3785,63.4148,1.0670,Normal,P116,P106
40,69.5405,75.4783,2.9030,72.5425,78.2640,4.7460,Intercom,P123,P126
41,75.5348,63.4148,1.0670,75.5348,69.4965,1.0670,Normal,P107,P117
42,75.5348,69.4965,1.1350,75.5348,75.4783,2.7230,Normal,P117,P124
43,75.5348,75.4783,2.9030,72.5425,78.2640,4.7460,Intercom,P124,P126
44,81.6778,69.4965,1.0670,87.7862,69.4965,1.0670,Normal,P118,P119
45,87.7862,69.4965,1.0670,93.8414,63.4148,1.0670,Normal,P119,P108
46,93.8414,63.4148,1.0670,93.8414,57.2767,1.0670,Normal,P108,P99
47,93.8414,57.2767,1.1160,99.9323,51.2651,2.7600,Normal,P99,P88
48,87.7862,57.2767,1.0670,81.6778,57.2767,1.0670,Normal,P98,P97
49,81.6778,57.2767,1.0670,75.5348,51.2651,1.0670,Normal,P97,P87
50,75.5348,51.2651,1.0670,81.6778,45.1066,1.0760,Normal,P87,P78
51,69.5405,45.1066,1.0670,69.5405,39.0475,1.0670,Normal,P77,P68
52,63.3785,39.0475,1.0670,57.2837,45.1066,1.0670,Normal,P67,P76
53,69.5405,39.0475,1.0670,69.5405,35.0487,1.0670,Normal,P68,P60
54,69.5405,35.0487,1.0670,75.5348,28.9179,1.0670,Normal,P60,P51
55,57.2837,35.0487,1.0670,51.2516,39.0475,1.0670,Normal,P59,P66
56,57.2837,28.9179,1.0670,63.3785,22.9070,1.0670,Normal,P50,P36
57,51.2516,28.9179,1.0670,51.2516,22.9070,1.0670,Normal,P49,P35
58,51.2516,22.9070,1.0670,51.2516,16.7456,1.0670,Normal,P35,P26
59,47.2353,28.9179,1.0670,41.1624,28.9179,1.0670,Normal,P48,P47
60,51.2516,16.7456,1.0670,57.2837,16.7456,1.0670,Normal,P26,P27
61,47.2353,10.6566,1.1230,51.2516,4.6516,2.6940,Normal,P16,P7
62,41.1624,10.6566,1.0670,35.0212,10.6566,1.0670,Normal,P15,P14
63,35.0212,10.6566,1.0670,28.9799,16.7456,1.0670,Normal,P14,P25
64,35.0212,4.6516,2.8640,31.9220,1.8980,4.7450,Intercom,P6,P1
65,10.6802,16.7456,1.1190,4.6791,10.6566,2.8410,Normal,P24,P10
66,16.7590,10.6566,1.0670,22.8369,10.6566,1.0670,Normal,P12,P13
67,22.8369,10.6566,1.1150,16.7590,4.6516,2.7030,Normal,P13,P4
68,28.9799,4.6516,2.8640,31.9220,1.8980,4.7450,Intercom,P5,P1
69,63.3785,22.9070,1.0670,69.5405,22.9070,1.0670,Normal,P36,P37
70,69.5405,22.9070,1.0670,75.5348,22.9070,1.0670,Normal,P37,P38
71,75.5348,22.9070,1.0670,69.5405,16.7456,1.0670,Normal,P38,P28
72,81.6778,28.9179,1.0670,87.7862,35.0487,1.0670,Normal,P52,P61
73,87.7862,22.9070,1.0670,93.8414,22.9070,1.0670,Normal,P39,P40
74,93.8414,22.9070,1.0670,93.8414,28.9179,1.0670,Normal,P40,P53
75,93.8414,28.9179,1.0670,87.7862,35.0487,1.0670,Normal,P53,P61
76,99.9323,28.9179,2.9200,102.6480,25.9925,4.7470,Intercom,P54,P42
77,87.7862,39.0475,1.0670,81.6778,45.1066,1.0770,Normal,P69,P78
78,93.8414,39.0475,1.0670,93.8414,45.1066,1.0670,Normal,P70,P79
79,93.8414,45.1066,1.1160,99.9323,51.2651,2.7600,Normal,P79,P88
80,99.9323,51.2651,2.9200,102.6480,54.0895,4.7470,Intercom,P88,P100
81,69.5405,16.7456,1.0670,75.5348,10.6566,1.0670,Normal,P28,P20
82,75.5348,10.6566,1.0670,69.5405,10.6566,1.0670,Normal,P20,P19
83,69.5405,10.6566,1.1330,69.5405,4.6516,2.6840,Normal,P19,P8
84,69.5405,4.6516,2.7030,63.3785,10.6566,1.1150,Normal,P8,P18
85,99.9323,22.9070,2.9200,102.6480,25.9925,4.7470,Intercom,P41,P42
86,93.8414,16.7456,1.0670,93.8414,10.6566,1.0670,Normal,P29,P23
87,93.8414,10.6566,1.0670,87.7862,10.6566,1.0670,Normal,P23,P22
88,87.7862,10.6566,1.0670,81.6778,10.6566,1.0670,Normal,P22,P21
89,81.6778,10.6566,1.1150,75.5348,4.6516,2.7030,Normal,P21,P9
90,75.5348,4.6516,2.8640,72.5425,1.8980,4.7450,Intercom,P9,P2
91,72.5425,1.8980,4.7450,69.5405,4.6516,2.8640,Normal,P2,P8
92,63.3785,10.6566,1.0670,57.2837,10.6566,1.0670,Normal,P18,P17
93,51.2516,39.0475,1.0670,47.2353,45.1066,1.0670,Normal,P66,P74
94,47.2353,45.1066,1.0670,51.2516,45.1066,1.0760,Normal,P74,P75
95,41.1624,39.0475,1.0670,41.1624,35.0487,1.0670,Normal,P65,P58
96,51.2516,45.1066,1.0670,57.2837,45.1066,1.0670,Normal,P75,P76
97,51.2516,4.6516,2.7030,57.2837,10.6566,1.1150,Normal,P7,P17
98,10.6802,75.4783,2.7940,4.6791,69.4965,2.8900,Normal,P120,P109
99,4.6791,69.4965,2.8930,4.6791,63.4148,2.8930,Normal,P109,P101
100,4.6791,10.6566,2.8210,10.6802,10.6566,1.1390,Normal,P10,P11
101,10.6802,10.6566,1.1330,10.6802,4.6516,2.6840,Normal,P11,P3
102,10.6802,4.6516,2.7510,16.7590,4.6516,2.7510,Normal,P3,P4
103,28.9799,75.4783,2.7230,28.9799,69.4965,1.1350,Normal,P121,P112
104,28.9799,75.4783,2.7420,22.8369,69.4965,1.1160,Normal,P121,P111
105,16.7590,69.4965,1.0670,10.6802,63.4148,1.0670,Normal,P110,P102
106,10.6802,63.4148,1.0670,10.6802,57.2767,1.0670,Normal,P102,P90
107,10.6802,57.2767,1.0670,16.7590,57.2767,1.0670,Normal,P90,P91
108,4.6791,51.2651,2.8410,10.6802,45.1066,1.1190,Normal,P80,P71
109,16.7590,35.0487,1.0670,16.7590,28.9179,1.0670,Normal,P55,P45
110,16.7590,35.0487,1.0670,22.8369,39.0475,1.0670,Normal,P55,P63
111,16.7590,28.9179,1.0670,10.6802,28.9179,1.0670,Normal,P45,P44
112,16.7590,28.9179,1.0670,22.8369,22.9070,1.0670,Normal,P45,P32
113,28.9799,22.9070,1.0670,35.0212,22.9070,1.0670,Normal,P33,P34
114,35.0212,22.9070,1.0670,41.1624,28.9179,1.0670,Normal,P34,P47
115,28.9799,35.0487,1.0670,35.0212,39.0475,1.0670,Normal,P57,P64
116,35.0212,39.0475,1.0670,35.0212,45.1066,1.0670,Normal,P64,P73
117,28.9799,51.2651,1.0670,28.9799,57.2767,1.0670,Normal,P83,P92
118,28.9799,57.2767,1.0670,22.8369,51.2651,1.0670,Normal,P92,P82
119,35.0212,57.2767,1.0670,35.0212,63.4148,1.0670,Normal,P93,P103
120,35.0212,63.4148,1.0670,41.1624,63.4148,1.0670,Normal,P103,P104
121,41.1624,63.4148,1.0670,41.1624,69.4965,1.0670,Normal,P104,P113
122,57.2837,69.4965,1.0670,63.3785,69.4965,1.0670,Normal,P115,P116
123,47.2353,57.2767,1.0670,41.1624,51.2651,1.0670,Normal,P94,P84
124,47.2353,57.2767,1.0670,51.2516,51.2651,1.0670,Normal,P94,P85
125,51.2516,51.2651,1.0670,57.2837,51.2651,1.0670,Normal,P85,P86
126,63.3785,57.2767,1.0670,69.5405,57.2767,1.0670,Normal,P95,P96
127,69.5405,57.2767,1.0670,75.5348,63.4148,1.0670,Normal,P96,P107
128,63.3785,69.4965,1.1160,69.5405,75.4783,2.7420,Normal,P116,P123
129,75.5348,75.4783,2.7420,81.6778,69.4965,1.1160,Normal,P124,P118
130,93.8414,57.2767,1.0670,87.7862,57.2767,1.0670,Normal,P99,P98
131,75.5348,51.2651,1.0670,69.5405,45.1066,1.0670,Normal,P87,P77
132,69.5405,45.1066,1.0670,63.3785,39.0475,1.0670,Normal,P77,P67
133,63.3785,39.0475,1.0670,57.2837,35.0487,1.0670,Normal,P67,P59
134,57.2837,35.0487,1.0670,57.2837,28.9179,1.0670,Normal,P59,P50
135,57.2837,28.9179,1.0670,51.2516,28.9179,1.0670,Normal,P50,P49
136,51.2516,22.9070,1.0670,47.2353,28.9179,1.0670,Normal,P35,P48
137,51.2516,16.7456,1.0670,47.2353,10.6566,1.0670,Normal,P26,P16
138,47.2353,10.6566,1.0670,41.1624,10.6566,1.0670,Normal,P16,P15
139,35.0212,10.6566,1.1330,35.0212,4.6516,2.6840,Normal,P14,P6
140,10.6802,16.7456,1.0670,16.7590,10.6566,1.0670,Normal,P24,P12
141,22.8369,10.6566,1.1150,28.9799,4.6516,2.7030,Normal,P13,P5
142,75.5348,22.9070,1.0670,75.5348,28.9179,1.0670,Normal,P38,P51
143,75.5348,22.9070,1.0670,81.6778,28.9179,1.0670,Normal,P38,P52
144,81.6778,28.9179,1.0670,87.7862,22.9070,1.0670,Normal,P52,P39
145,93.8414,28.9179,1.1360,99.9323,28.9179,2.7410,Normal,P53,P54
146,87.7862,35.0487,1.0670,87.7862,39.0475,1.0670,Normal,P61,P69
147,87.7862,39.0475,1.0670,93.8414,39.0475,1.0670,Normal,P69,P70
148,99.9323,22.9070,2.7600,93.8414,16.7456,1.1160,Normal,P41,P29
149,63.3785,10.6566,1.0670,57.2837,16.7456,1.0670,Normal,P18,P27
150,47.2353,45.1066,1.0670,41.1624,39.0475,1.0670,Normal,P74,P65